"player_id","season","wingspan","standing_reach","hand_width","hand_length","bench_press","standing_vertical_leap","three_quarter_sprint"
"199",2008,"81.25","103",NULL,NULL,"15","31.5","3.07"
"2198",2001,"85","108",NULL,NULL,"17","30","3.45"
"2199",2001,"87","110",NULL,NULL,"2","31","3.36"
"2201",2001,"90.5","111",NULL,NULL,"16","28","3.53"
"2202",2001,"83.5","102.5",NULL,NULL,"15","32.5","3.12"
"2203",2001,"82.5","105",NULL,NULL,"12","29.5","3.3"
"2204",2001,"87","110",NULL,NULL,"3","26.5","3.21"
"2205",2001,"90.5","113",NULL,NULL,"15","21.5","3.56"
"2206",2001,"83.5","104.5",NULL,NULL,"16","27.5","3.47"
"2207",2001,"81","105",NULL,NULL,"12","32.5","3.4"
"2210",2001,"84","103",NULL,NULL,"14","33","3.15"
"2211",2001,"83","105.5",NULL,NULL,"11","28.5","3.43"
"2212",2001,"88","108",NULL,NULL,"11","30.5","3.15"
"2213",2001,"84.25","106",NULL,NULL,"11","27","3.35"
"2214",2001,"85.5","107",NULL,NULL,"13","27","3.35"
"2215",2001,"88.5","110",NULL,NULL,"8","25.5","3.54"
"2217",2001,"90.5","113.5",NULL,NULL,"17","27","3.5"
"2218",2001,"78.5","100.5",NULL,NULL,"10","26.5","3.19"
"2219",2001,"82.5","103.5",NULL,NULL,"1","29","3.22"
"2220",2001,"81.5","99.5",NULL,NULL,"6","30","3.2"
"2224",2001,"79.5","97.5",NULL,NULL,"1","28","3.2"
"2226",2001,"81.5","99.5",NULL,NULL,"4","28.5","3.22"
"2228",2001,"82.5","102.5",NULL,NULL,"21","34.5","3.16"
"2230",2001,"80","101",NULL,NULL,"22","34.5","3.12"
"2239",2001,"80","99.5",NULL,NULL,"12","35.5","3.29"
"2240",2001,"81.5","99.5",NULL,NULL,"12","31.5","3.25"
"2241",2001,"77.5","92",NULL,NULL,"9","31","3.2"
"2243",2001,"81.75","105.5",NULL,NULL,"14","27","3.47"
"2245",2001,"83.75","104.5",NULL,NULL,"6","32","3.27"
"2248",2001,"78.75","97",NULL,NULL,"4","32.5","3.19"
"2249",2001,"80.75","102.5",NULL,NULL,"12","26","3.15"
"2250",2001,"84.25","105",NULL,NULL,"12","27.5","3.41"
"2253",2001,"81.25","101",NULL,NULL,"12","36","3.12"
"2254",2001,"89.5","113",NULL,NULL,"10","24.5","3.48"
"2256",2001,"88","109.5",NULL,NULL,"13","32.5","3.12"
"2257",2001,"88","111",NULL,NULL,"6","26.5","3.33"
"2260",2001,"87","104",NULL,NULL,"10","23","3.6"
"2294",2001,"79.5","97.5",NULL,NULL,"15","31.5","3.12"
"2369",2001,"76.5","99",NULL,NULL,"2","30.5","3.15"
"2730",2004,"88.5","111.5",NULL,NULL,"7","30.5","3.14"
"2731",2004,"88","110.5",NULL,NULL,"22","31.5","3.15"
"2732",2004,"80.5","99",NULL,NULL,"12","31.5","3.19"
"2733",2004,"83","105.5",NULL,NULL,NULL,"26.5","3.23"
"2734",2004,"79.5","98.5",NULL,NULL,"5","30.5","3.19"
"2735",2004,"83","105",NULL,NULL,"11","29","3.38"
"2736",2004,"84.5","108.5",NULL,NULL,"5","27.5","3.34"
"2738",2004,"83","105.5",NULL,NULL,"4","30.5","3.18"
"2739",2004,"80.5","103",NULL,NULL,"13","26.5","3.24"
"2740",2004,NULL,NULL,NULL,NULL,NULL,NULL,NULL
"2743",2004,"84.5","106.5",NULL,NULL,"22","29.5","3.2"
"2744",2004,"86.5","110",NULL,NULL,"3","28.5","3.29"
"2745",2004,"81","104",NULL,NULL,"19","30","3.13"
"2746",2004,"84","106.5",NULL,NULL,"12","32.5","3.24"
"2747",2004,"82","104",NULL,NULL,"5","29","3.21"
"2749",2004,"74.5","95",NULL,NULL,"15","28.5","3.14"
"2753",2004,"78","99.5",NULL,NULL,"12","30","3.15"
"2754",2004,"81","102",NULL,NULL,"17","31.5","3.19"
"2757",2004,"76.5","98",NULL,NULL,"2",NULL,NULL
"2761",2004,"84","105.5",NULL,NULL,"12","29.5","3.25"
"2762",2004,"89.5","111.5",NULL,NULL,"2","24","3.6"
"2765",2004,"81","100",NULL,NULL,NULL,NULL,NULL
"2766",2004,"78.5","96.5",NULL,NULL,"9",NULL,NULL
"2768",2004,"78.5","98",NULL,NULL,"7","31.5","3.14"
"2772",2004,"86","107.5",NULL,NULL,"8","29.5","3.29"
"2774",2004,"82","102",NULL,NULL,"14","28.5","3.17"
"2776",2004,"86","108.5",NULL,NULL,"18","28","3.27"
"2782",2004,"85","108.5",NULL,NULL,"13","29.5","3.25"
"2784",2004,"79.5","98.5",NULL,NULL,"15","29","3.1"
"2798",2001,"77.25","97",NULL,NULL,"2","34.5","3.1"
"2800",2004,"79","100",NULL,NULL,"1",NULL,NULL
"2810",2004,"83","107",NULL,NULL,"18","32","3.22"
"2823",2004,"88.5","113",NULL,NULL,"15",NULL,NULL
"2824",2004,"80.5","103",NULL,NULL,"12","24","3.2"
"2845",2004,"83","106",NULL,NULL,"4","31","3.19"
"2857",2004,"73","92",NULL,NULL,"13","29","3.08"
"2863",2004,"84","106",NULL,NULL,"15","26.5","3.15"
"2866",2004,"85.5","109",NULL,NULL,"14","23","3.4"
"2876",2004,"84.5","109",NULL,NULL,"15","22","3.56"
"101106",2005,"87","110.5",NULL,NULL,"13","27.5","3.51"
"101107",2005,"87.5","108",NULL,NULL,"12","29.5","3.17"
"101108",2005,"76.25","93",NULL,NULL,"10","32","3.22"
"101109",2005,"76.25","98",NULL,NULL,"6","29","3.06"
"101110",2005,"83","106",NULL,NULL,"7","28","3.39"
"101111",2005,"84.25","109",NULL,NULL,"11","26","3.3"
"101112",2005,"86.5","110.5",NULL,NULL,"19","27.5","3.38"
"101113",2005,"87.5","109",NULL,NULL,"21","28","3.45"
"101114",2005,"78.25","98",NULL,NULL,"15","30","3.25"
"101118",2005,"85.25","105",NULL,NULL,"12","30","3.29"
"101119",2005,"82.75","103.5",NULL,NULL,"15","32.5","3.11"
"101120",2005,"80.75","104.5",NULL,NULL,"12","26.5","3.41"
"101121",2005,"80","104",NULL,NULL,"26","30","3.05"
"101122",2005,"85.5","103",NULL,NULL,"10","31","3.34"
"101123",2005,"81.75","104",NULL,NULL,"7","31.5","3.21"
"101124",2005,"86","108",NULL,NULL,"11","33","3.22"
"101125",2005,"84.5","107.5",NULL,NULL,"14","24.5","3.18"
"101126",2004,"73","91.5",NULL,NULL,"13","35.5","2.96"
"101127",2005,"79.5","100",NULL,NULL,"5","26","3.24"
"101128",2005,"82.75","103",NULL,NULL,"5","27.5","3.33"
"101129",2005,"77.25","98.5",NULL,NULL,"14","31.5","3.21"
"101131",2005,"87.25","107",NULL,NULL,NULL,NULL,NULL
"101134",2005,"84","107",NULL,NULL,"11","27","3.35"
"101135",2005,"84","106.5",NULL,NULL,"14","30.5","3.19"
"101138",2004,"86.5","106.5",NULL,NULL,"18","31.5","3.24"
"101141",2005,"85.25","109.5",NULL,NULL,"2","22","3.56"
"101142",2005,"85.5","106.5",NULL,NULL,"15","30.5","3.23"
"101143",2005,"71.75","93.5",NULL,NULL,"1","24.5","3.26"
"101145",2005,"74.75","98",NULL,NULL,"0","26.5","3.31"
"101147",2005,"85.75","109",NULL,NULL,"14","28.5","3.27"
"101149",2005,"83.25","112.5",NULL,NULL,"0","24","3.42"
"101152",2005,"82","100.5",NULL,NULL,"8","30","3.27"
"101155",2004,"86","106.5",NULL,NULL,"9","26.5","3.24"
"101156",2005,"86","108",NULL,NULL,"15","28.5","3.25"
"101159",2005,"81.75","105.5",NULL,NULL,NULL,NULL,NULL
"101160",2004,"81.5","106.5",NULL,NULL,"18","27.5","3.3"
"101162",2005,"87.5","110",NULL,NULL,"18","29.5","3.33"
"101165",2005,"84","102.5",NULL,NULL,"11","28","3.35"
"101179",2005,"77.5","96.5",NULL,NULL,"11","31.5","3.29"
"101184",2005,"88.5","110.5",NULL,NULL,"11","31.5","3.27"
"101185",2005,"85","104",NULL,NULL,"7","30.5","3.21"
"101187",2005,"81.5","104",NULL,NULL,"10","26.5","3.27"
"101188",2005,"82.25","101",NULL,NULL,"14","33","3.21"
"101194",2005,"74.75","95",NULL,NULL,"14","31.5","3.19"
"101195",2005,"89","111.5",NULL,NULL,"1","23.5","3.47"
"101198",2005,"75.5","93",NULL,NULL,"15","33","3"
"101204",2005,"86.75","108.5",NULL,NULL,"15","28","3.25"
"101213",2005,"85.5","106",NULL,NULL,"9","28.5","3.2"
"101214",2005,"85.25","106.5",NULL,NULL,"15","28","3.23"
"101215",2005,"75","96.5",NULL,NULL,"14","30.5","3.28"
"101223",2005,"75.5","94",NULL,NULL,"7","32","3.22"
"101232",2005,"83.5","104",NULL,NULL,NULL,NULL,NULL
"101236",2005,"82","104.5",NULL,NULL,"20","30","3.34"
"101247",2005,"81","101",NULL,NULL,"8","32","3.23"
"101249",2005,"72","92",NULL,NULL,"4","29","3.14"
"200081",2001,"83.5","103",NULL,NULL,"0","33","3.08"
"200793",2005,"74","94",NULL,NULL,NULL,NULL,NULL
"200829",2005,"81","105.5",NULL,NULL,"10","26.5","3.27"
"201141",2007,"88.25","112",NULL,NULL,NULL,"32","3.27"
"201142",2007,"88.75","110",NULL,NULL,"0","26","3.45"
"201143",2007,"84.75","107",NULL,NULL,"20","31","3.37"
"201144",2007,"77.75","94.5",NULL,NULL,"13","35.5","3.09"
"201145",2007,"85.25","103",NULL,NULL,"17","33.5","3.34"
"201146",2007,NULL,NULL,NULL,NULL,NULL,NULL,NULL
"201147",2007,"80.25","103",NULL,NULL,"11","30.5","3.22"
"201148",2007,"87.75","108.5",NULL,NULL,"2","30.5","3.31"
"201149",2007,"85.25","106.5",NULL,NULL,"12","32.5","3.47"
"201150",2007,"84.5","110",NULL,NULL,"9","26","3.51"
"201151",2007,"78.5","98",NULL,NULL,"8","29","3.22"
"201152",2007,"83.5","106",NULL,NULL,"13","34.5","3.19"
"201153",2007,"86.25","108",NULL,NULL,"2","28.5","3.36"
"201154",2007,"85","104",NULL,NULL,"9","35","3.16"
"201155",2007,"79.25","100.5",NULL,NULL,"14","30.5","3.11"
"201156",2007,"84","100.5",NULL,NULL,"6","39.5","3.25"
"201159",2007,"77.5","98",NULL,NULL,"11","32.5","3.32"
"201160",2007,"82.75","106",NULL,NULL,"15","33.5","3.29"
"201161",2007,"80.25","101.5",NULL,NULL,"4","30","3.22"
"201162",2007,"79","102",NULL,NULL,"14","28","3.45"
"201164",2005,"79.5","101.5",NULL,NULL,"0","26.5","3.33"
"201166",2007,"76","94",NULL,NULL,"6","32.5","3.2"
"201171",2007,"83","102.5",NULL,NULL,"21","31.5","3.29"
"201176",2007,"88","109.5",NULL,NULL,"7","27","3.53"
"201177",2007,"85","106.5",NULL,NULL,"12","27.5","3.47"
"201180",2007,"81","105",NULL,NULL,"9","29","3.45"
"201181",2007,"88.5","110.5",NULL,NULL,"15","26.5","3.29"
"201186",2007,"86","107",NULL,NULL,"17","29.5","3.22"
"201187",2007,"82.5","104",NULL,NULL,"12","28.5","3.25"
"201189",2007,"87.25","108.5",NULL,NULL,"17","27","3.7"
"201192",2007,"74.25","96",NULL,NULL,"8","29","3.26"
"201193",2007,"84.25","105",NULL,NULL,"16","28.5","3.38"
"201195",2007,"86.25","108.5",NULL,NULL,"15","30.5","3.39"
"201196",2007,"76.25","97.5",NULL,NULL,"8","29.5","3.27"
"201199",2007,"78.5","101",NULL,NULL,"21","28.5","3.14"
"201203",2007,"77.5","99",NULL,NULL,"11","28.5","3.27"
"201207",2007,"83","99.5",NULL,NULL,"9","32","3.41"
"201208",2007,"87","110",NULL,NULL,"14","26.5","3.56"
"201229",2007,"86.5","107.5",NULL,NULL,"21","28.5","3.29"
"201234",2007,"77","98",NULL,NULL,"18","26.5","3.31"
"201446",2008,"79.25","98",NULL,NULL,"2","31","3.08"
"201563",2008,"84.25","107",NULL,NULL,"19","30","3.24"
"201564",2008,"78","99.5",NULL,NULL,"7","30.5","3.14"
"201565",2008,"80","98.5",NULL,NULL,"10","34.5","3.05"
"201566",2008,"79.75","100",NULL,NULL,"12","30","3.08"
"201567",2008,"83.25","106",NULL,NULL,"18","29.5","3.22"
"201569",2008,"81","99",NULL,NULL,"15","32","3.01"
"201570",2008,"83.5","106",NULL,NULL,"24","32.5","2.99"
"201571",2008,"75.5","94.5",NULL,NULL,"2","28.5","3.07"
"201572",2008,"89.5","113",NULL,NULL,"7","27.5","3.57"
"201573",2008,"75.5","97",NULL,NULL,"10","31","3.07"
"201575",2005,"83.25","104.5",NULL,NULL,"0","32.5","3.31"
"201576",2008,"87","109",NULL,NULL,"7","29","3.26"
"201580",2008,"90","114.5",NULL,NULL,"7","27","3.25"
"201588",2008,"81","97.5",NULL,NULL,"9","34","3.07"
"201589",2008,"82.75","107",NULL,NULL,"12","28.5","3.14"
"201590",2008,"82","108",NULL,NULL,"2","27.5","3.2"
"201592",2008,"83.25","103",NULL,NULL,"10",NULL,NULL
"201595",2008,"85.75","107",NULL,NULL,"19","27.5","3.2"
"201599",2008,"90","113.5",NULL,NULL,"8","26","3.27"
"201601",2008,"86.5","103.5",NULL,NULL,"11","32","3.17"
"201603",2008,"82","104",NULL,NULL,"12","29","2.96"
"201606",2008,"76.5","95",NULL,NULL,"18","26",NULL
"201607",2008,"84.25","97.5",NULL,NULL,"2","35","3.43"
"201612",2008,"81","103.5",NULL,NULL,"13","30.5","3.08"
"201616",2008,"83.25","106.5",NULL,NULL,"11","27","3.26"
"201628",2007,"76","95.5",NULL,NULL,"3","32.5","3.25"
"201629",2008,"87","109.5",NULL,NULL,"7","28","3.18"
"201634",2008,"82","98.5",NULL,NULL,"19","34.5","3.13"
"201814",2008,"83.25","104.5",NULL,NULL,"13","27.5","3.25"
"201858",2007,"82","103.5",NULL,NULL,"11","27","3.43"
"201933",2009,"83.25","105",NULL,NULL,"22","32","3.28"
"201934",2009,"90.25","113",NULL,NULL,NULL,NULL,NULL
"201935",2009,"82.75","103.5",NULL,NULL,"17","31.5","3.13"
"201936",2009,"83.25","104",NULL,NULL,"7","28.5","3.17"
"201938",2009,"76","95.5",NULL,NULL,"10","33","3.23"
"201939",2009,"75.5","97",NULL,NULL,"10","29.5","3.28"
"201941",2009,"85.5","108",NULL,NULL,"11","31","3.3"
"201942",2009,"81","102.5",NULL,NULL,"5","29","3.31"
"201944",2009,"81","103.5",NULL,NULL,"9","30.5","3.18"
"201945",2009,"82.25","102.5",NULL,NULL,"8","31.5","3.14"
"201946",2009,"83.5","106",NULL,NULL,"18","27.5","3.27"
"201947",2009,"86.5","109.5",NULL,NULL,"5","28.5","3.35"
"201948",2009,"86.75","110",NULL,NULL,"0","25","3.55"
"201949",2009,"84.75","105.5",NULL,NULL,"18","30.5","3.23"
"201950",2009,"79","100.5",NULL,NULL,"6","28.5","3.21"
"201951",2009,"72.75","94.5",NULL,NULL,"14","29","3.12"
"201952",2009,"79.5","98.5",NULL,NULL,"13","30.5","3.18"
"201953",2009,"74.5","97",NULL,NULL,"8","28.5","3.19"
"201954",2009,"75","96.5",NULL,NULL,"9","30.5","3.1"
"201956",2009,"81.25","106.5",NULL,NULL,"2","25.5","3.28"
"201957",2009,"85.5","111",NULL,NULL,"10","28.5","3.45"
"201958",2009,"81.75","100",NULL,NULL,"3","29.5","3.15"
"201959",2009,"88","109",NULL,NULL,"12","25.5","3.41"
"201960",2009,"82","105",NULL,NULL,NULL,NULL,NULL
"201961",2009,"78.5","100",NULL,NULL,"13","31.5","3.2"
"201962",2009,"78","97.5",NULL,NULL,"15","28","3.03"
"201965",2009,"85","107",NULL,NULL,"15","31","3.14"
"201966",2009,"80.75","101",NULL,NULL,"16","34","3.32"
"201967",2009,"83","106.5",NULL,NULL,"18","28","3.26"
"201969",2009,"84.75","106.5",NULL,NULL,"15","29.5","3.17"
"201970",2009,"82.75","105.5",NULL,NULL,NULL,"27.5","3.45"
"201971",2009,"86","106.5",NULL,NULL,"18","26","3.45"
"201974",2009,"86.5","107.5",NULL,NULL,"20","30.5","3.13"
"201975",2009,"76.5","98",NULL,NULL,"14","28.5","3.1"
"201977",2009,"77","99",NULL,NULL,"14","31","3.28"
"201978",2009,"79","101",NULL,NULL,"10","29.5","3.24"
"201980",2009,"82","103",NULL,NULL,"15","29","3.3"
"201985",2009,"75.75","97",NULL,NULL,"11","26","3.22"
"201988",2009,"74","95",NULL,NULL,"8","27.5","3.1"
"201991",2008,"80.75","98.5",NULL,NULL,"12","30.5","3.16"
"202322",2010,"81.25","101.5","9.5","8.25",NULL,"30","3.14"
"202323",2010,"80","103.5","9.5","8.75","9","27.5","3.27"
"202324",2010,"88","110","9.25","8.75","14","31.5","3.25"
"202325",2010,"85","106","9.5","9","16","32","3.14"
"202326",2010,"89.75","113","10","9.25",NULL,"23.5","3.55"
"202327",2010,"88.5","106.5","8.75","9.5","10","31","3.29"
"202328",2010,"86.25","108.5","9.5","8.75","15","25","3.35"
"202329",2010,"87.25","108.5","9.5","9.5","13","27","3.3"
"202330",2010,"79.75","103","9.25","8.5","10","30.5","3.22"
"202331",2010,"83.25","107","9","8.5","4",NULL,NULL
"202332",2010,"88.75","111.5","9.25","9","10","23","3.35"
"202333",2010,"83.25","105","10","8.75","8","28.5","3.18"
"202334",2010,"84","108","10","9.25",NULL,"31","3.21"
"202335",2010,"85.25","107","10.25","9.25","17","28.5","3.25"
"202336",2010,"89.75","112","11","9.75","7","25.5","3.27"
"202337",2010,"83.25","104.5","10","8.5","15","29.5","3.4"
"202339",2010,"79.5","98","9.75","8.5","9",NULL,NULL
"202340",2010,"79.25","98.5","9.5","8.25","2","31.5","3.14"
"202341",2010,"80.5","104","7.25","8.5","14","30","3.19"
"202342",2010,"84","109","11.25","9.5","6","26","3.39"
"202344",2010,"81.75","106","9.5","9","22","31","3.1"
"202345",2010,"84.75","107","8.5","9.25","13","29","3.2"
"202346",2010,"81.25","101","10.25","9","19","26","3.31"
"202348",2010,"79","101","9","8","7","31.5","3.37"
"202349",2010,"79","101","9.25","7.75",NULL,NULL,NULL
"202350",2010,"88.25","110.5","9.75","8.5","13","24","3.39"
"202351",2010,"84.75","102","9.5","9.25","15","31","3.31"
"202354",2010,"90","111","10.5","10.25",NULL,NULL,NULL
"202355",2010,"91","113","10.25","8.25","12","27","3.54"
"202356",2010,"80","99.5","9.25","8.25","18","31.5","3.19"
"202358",2010,"81","101","10.5","9","10","31","3.15"
"202359",2010,"81.25","104.5","9","8.25",NULL,"29","3.25"
"202360",2010,"79","100","9.75","8","8","23.5","3.49"
"202362",2010,"82.5","103","10.25","9","10","27","3.38"
"202365",2010,"84.25","107.5","9","8.25","6","23.5","3.44"
"202371",2010,"84","107.5","10","8.5","20","27","3.24"
"202374",2010,"89","113","9.25","9.25","10","22.5","3.68"
"202376",2010,"81.5","106","9.75","8.75","23","24","3.41"
"202378",2010,"78","99.5","9.5","8.5","10","23","3.5"
"202382",2010,"84.25","107.5","10.25","9","22","25","3.61"
"202395",2010,"74.5","94","9.5","8.5",NULL,"27.5","3.24"
"202399",2009,"86","107.5",NULL,NULL,"16","27.5","3.32"
"202412",2010,"79.25","102","9","8.5","11",NULL,NULL
"202681",2011,"76","99","9.25","8.25",NULL,NULL,NULL
"202682",2011,"85.5","108","9.75","9","19","29","3.23"
"202683",2011,"85.5","109.5","10.75","9.5","14","26","3.26"
"202684",2011,"85.25","108.5","9.25","8.75","9","30","3.26"
"202688",2011,"78.75","98.5","9.5","8.25","10","29","3.07"
"202689",2011,"75.5","91.5","9","8","7","32","3.16"
"202691",2011,"81","103.5","9.25","8.75","5","26.5","3.24"
"202692",2011,"82","103.5","8.25","9","5","29","3.17"
"202693",2011,"82.75","106.5","8.25","8.5","11","27","3.4"
"202694",2011,"82","105.5","8.5","8.25","11","29","3.15"
"202695",2011,"87","106","11.25","9.75","3","25.5","3.15"
"202696",2011,"88.5","112.5","10.25","9.25","8","23.5","3.27"
"202697",2011,"81.5","99.5","9","9","18","36.5","3.18"
"202698",2011,"85","103.5","10","9.25","15","30.5","3.09"
"202699",2011,"83","103.5","9","8.75","12","31.5","3.17"
"202701",2011,"77.5","99","9.25","8.5","9","28.5","3.17"
"202702",2011,"84","108","10.25","8.5","16","30.5","3.26"
"202705",2011,"85","101","10.5","9","5","34","3.09"
"202706",2011,"81.5","104","9.25","9","7","25","3.3"
"202707",2011,"86","107.5","10","9","15","33.5","3.14"
"202708",2011,"74.25","95.5","9.5","8.5","11","29.5","3.22"
"202709",2011,"77.5","99","10.5","8.5","5","27.5","3.27"
"202710",2011,"79.5","101.5","9","9","14","32","3.15"
"202712",2011,"83.75","106","9.25","9","19","28.5","3.3"
"202713",2011,"82.1","106","8.75","8.25","10","23","3.21"
"202714",2011,"79.5","96.5","9.25","8.25","17","32","3.18"
"202715",2011,"81","105","9.5","8.5",NULL,"30","3.07"
"202716",2011,"84.25","106.5","10","9.25","10","25","3.45"
"202717",2011,"85","107.5","9.75","9.25","15","27.5","3.41"
"202718",2011,"81.5","104.5","10","8.25","4","25.5","3.29"
"202719",2011,"89","110.5","9","9.25","10","28","3.29"
"202720",2011,"84","105.5","9.75","8.75","14","29.5","3.36"
"202721",2011,"79.5","102","10","8.75","12","24.5","3.2"
"202723",2011,"81.75","101.5","9.5","8.5","17","30","3.09"
"202724",2011,"79.5","96.5","9","8.5","16","29.5","3.18"
"202726",2011,"76.25","96.5","9.25","8.25","4","32.5","3.1"
"202727",2011,"82.5","103","9.25","8.75","10","33","3.13"
"202728",2011,"87.75","109.5","11","9.5","12","31.5","3.35"
"202729",2011,"77.25","98","9","8.5","5","29.5","3.2"
"202732",2011,"83","103.5","10","8.75","6","27","3.33"
"202734",2011,"81.5","99.5","10","9",NULL,"32","3.31"
"202738",2011,"73.75","91.5","9","8.25","13","31.5","3.14"
"203076",2012,"89.5","108","8.5","9",NULL,NULL,NULL
"203077",2012,"84","104.5","10.25","9","6","32","3.18"
"203078",2012,"80","100","9","8.5","8","33","3.28"
"203079",2012,"79.25","98","9.5","8.5",NULL,NULL,NULL
"203080",2012,"87.25","106","10.5","9.75","15","28.5","3.17"
"203081",2012,"79.75","95.5","9.75","8.75","13","34.5","3.34"
"203082",2012,"79.25","100.5","10.25","8.75","2","31","3.28"
"203083",2012,"90.25","109.5","9.5","9.5","10","31.5","3.39"
"203084",2012,"83.25","101.5","8.5","9","15","38","3.16"
"203085",2012,"79.25","96.5","10","8.5","1","32.5","3.32"
"203086",2012,"87","108","11","9.25","19","30","3.41"
"203087",2012,"83","102","9.25","8.75","5","31.5","3.25"
"203088",2012,"77.5","96","9","8.5",NULL,"31","3.23"
"203089",2012,"89","112","10","9.25","5","25.5",NULL
"203090",2012,"84","102.5","10.25","9.25","5","32.5","3.25"
"203091",2012,"84","104.5","11.5","9.5",NULL,NULL,NULL
"203092",2012,"84","104.5","9.75","9","16","30","3.4"
"203093",2012,"86.25","107","10","9","12","29.5","3.4"
"203094",2012,"88","107","10.75","10","10","28.5","3.67"
"203096",2012,"85.25","105.5","9.75","9.25","9","29.5","3.81"
"203097",2012,"86.5","110","10","9","9","29.5","3.44"
"203098",2012,"80.5","98","9","9","10","30.5","3.37"
"203099",2012,"78.5","98","9","8.25","4",NULL,NULL
"203100",2012,"81","101","9","8","0","30","3.24"
"203101",2012,"84.75","105.5","9","9.25","15","34","3.36"
"203102",2012,"86.25","106.5","9.25","9.25","10","33.5","3.22"
"203103",2012,"85.75","107","9.5","9.25","11","33","3.19"
"203104",2012,"79.25","96.5","7.75","8.25","8","32.5","3.19"
"203105",2012,"89.75","108","10.75","9","18","34","3.29"
"203106",2012,"78.25","101.5","9.75","8.25","15","33.5","3.29"
"203107",2012,"79.25","100","9.5","8.5",NULL,NULL,NULL
"203108",2012,"87","108.5","9.25","9","6","30","3.4"
"203109",2012,"81.25","99.5","10.5","9.5","20","31","3.37"
"203110",2012,"85.25","105","9.5","9","9","28","3.4"
"203111",2012,"83.25","99","9.5","9","13","32","3.25"
"203112",2012,"86.75","106.5","11","9.5","13","32","3.28"
"203113",2012,"85.25","105","10.25","9.25","8","30.5","3.48"
"203114",2012,"82.75","103","9","9","4","28","3.47"
"203115",2012,"81.75","102.5","9.5","9","0","30","3.6"
"203116",2012,"78.25","97.5","8.75","8.75","0","32","3.2"
"203117",2012,"78.75","98.5","8.75","8.5","2","29","3.41"
"203118",2012,"82.75","104","9","8.5","14","27","3.44"
"203119",2012,"78.5","98","8.75","8.5",NULL,"29","3.33"
"203121",2012,"81","101","8.75","8.5","14","33","3.31"
"203122",2012,"78.75","99","8.5","8.5","11","31","3.42"
"203124",2012,"88.75","106.5","10","9.5",NULL,"31.5","3.53"
"203126",2012,"83","104","9","9","6","28.5","3.46"
"203130",2012,"79","96","8.75","8.75","17","33.5","3.21"
"203133",2012,"80.5","102","9.5","8.5","13","27.5","3.41"
"203138",2012,"81.5","102.5","9.75","8.25","6","28.5","3.38"
"203156",2012,"88","108","10","9.25","7","26.5","3.44"
"203158",2012,"85.5","105","7.75","9","17","27.5","3.6"
"203159",2012,"76","94.5","9.5","8.5","17","27","3.3"
"203183",2012,"82","100","10","8.5","14","31.5","3.47"
"203318",2013,"81.25","101.5","9","8.5","10","33","3.25"
"203457",2013,"87.75","110","10","9.5",NULL,NULL,NULL
"203458",2013,"87.5",NULL,"10.75","9",NULL,NULL,NULL
"203459",2013,"83.25","103.5","8.5","8.25","10","30.5","3.32"
"203460",2013,"83","104.5","9.5","8.75","10","30","3.34"
"203462",2013,"81.5","102","9","8.5","1","30","3.27"
"203463",2013,"79.75","100.5","9.5","8.75","6","32.5","3.27"
"203464",2013,"82.25","98","9.5","8.5","15","33.5","3.37"
"203467",2013,"81.25","103.5","9.5","8.5","15","32","3.25"
"203468",2013,"78.25","96.5","9.5","8","13","32","3.32"
"203469",2013,"82.75","106","10.5","8.5","17","35.5","3.15"
"203471",2013,"79.75","98","10.5","8.75","1","30","3.21"
"203473",2013,"88","109","11","9","8","28","3.4"
"203475",2013,"77.75","98","9","8.5","5",NULL,NULL
"203476",2013,"87.5","111.5","10","9",NULL,NULL,NULL
"203477",2013,"76.5","94.5","9.5","8.25","16","33","3.22"
"203479",2013,"83.25","103.5","8.25","8.5",NULL,NULL,NULL
"203480",2013,"85","106","9.5","8","5","29","3.38"
"203481",2013,"86","110.5","9.75","9","10","26.5","3.47"
"203482",2013,"81.75","108","10","8.5","5","24.5","3.59"
"203484",2013,"80","100.5","9","8.5","7","29","3.12"
"203485",2013,"79","100","8.5","8.25","8","28","3.4"
"203486",2013,"83","108","9.5","9.75","14","30.5","3.29"
"203487",2013,"79.25","101","8.5","7.5","8","31.5","3.22"
"203488",2013,"85","108","9","8.5","5","28","3.44"
"203489",2013,"75.75","98","8.75","8.25","8",NULL,NULL
"203490",2013,"85.5","105.5","9.25","8.75","9","27","3.4"
"203491",2013,"75","93","9.75","8","15","33.5","3.16"
"203492",2013,"75.25","96.5","8.75","8","5","30.5","3.25"
"203493",2013,"80.75","102","9","8.5","11","31","3.31"
"203495",2013,"79.25","102.5","9.25","8.5","4","27","3.32"
"203496",2013,"85.75","106","8.5","9","9","29.5","3.34"
"203497",2013,"92.5","115","10","9.75","7","25","3.57"
"203498",2013,"83","104.5","10","9","10","29.5","3.32"
"203499",2013,"70.75","89.5","8.75","7.5","12","34.5","3.08"
"203500",2013,"88.5","109.5","11","9.5","16","28.5","3.4"
"203501",2013,"79","101","9.25","8","16","31.5","3.25"
"203502",2013,"86.5","106.5","10","9","13","33.5","3.52"
"203503",2013,"83.5","105.5","9.5","9","7","30","3.25"
"203504",2013,"77.5","97.5","8.75","8.25","3","29.5","3.16"
"203505",2013,"78","100.5","9.5","8.5","4","28","3.14"
"203506",2013,"81.25","100.5","9.25","8.75","15","33","3.25"
"203510",2013,"70","90","8.25","7.5",NULL,NULL,NULL
"203511",2013,"86","109","9.25","8.5","2","28.5","3.51"
"203513",2013,"82.5","108","9.75","8.75","13","24.5","3.57"
"203515",2013,"74.25","92","9.75","7.75","7","33","3.13"
"203516",2013,"83.5","104.5","8.75","8.5","7","29.5","3.4"
"203519",2013,"85","99","9.5","9.25","13","34.5","3.32"
"203524",2013,"81","103","10.5","9","14","29.5","3.19"
"203527",2013,"83.5","110","10","9",NULL,NULL,NULL
"203552",2013,"76","97.5","8.25","8",NULL,NULL,NULL
"203561",2013,"85.5","108.5","11","9","7","26","3.5"
"203648",2014,"84","104.5","9.75","9",NULL,"31.5","3.18"
"203658",2013,"86.5","109","9.5","8.75","0","31","3.32"
"203798",2014,"81","101","9.75","8.75",NULL,"32","3.32"
"203893",2014,"75.5","95","8.5","8.25",NULL,"29.5","3.27"
"203894",2014,"75.25","93","8.5","8.25",NULL,"30.5","3.2"
"203895",2014,"84.5","104","8.5","8.75",NULL,"27.5","3.39"
"203897",2014,"80.25","100","8.75","8.25",NULL,"33.5","3.19"
"203898",2014,"79.25","98","8.75","8.25",NULL,"29","3.3"
"203900",2014,"80.75","100","9.75","8.25",NULL,"36.5","3.18"
"203901",2014,"80","98.5","9","8.75",NULL,"31.5","3.23"
"203902",2014,"78.5","99","8.25","8.5",NULL,"30.5","3.32"
"203903",2014,"80","98","9","8.25",NULL,"33","3.28"
"203906",2014,"81","102","8.5","8.25",NULL,"29","3.28"
"203909",2014,"83.25","102","9.75","8.75",NULL,"33","3.1"
"203910",2014,"79.25","96.5","9.75","8.75",NULL,"33.5","3.27"
"203912",2014,"81.75","100.5","9","8.75",NULL,"31","3.22"
"203913",2014,"80.25","100","9.25","9",NULL,"28","3.5"
"203914",2014,"78.75","96","9.5","8.5",NULL,NULL,NULL
"203915",2014,"80.25","103","9","8.25",NULL,NULL,NULL
"203917",2014,"79.75","102","8.5","8.5",NULL,"29","3.27"
"203918",2014,"80.5","103","8.5","8.5",NULL,"29","3.38"
"203919",2014,"82","102","7.5","8.5",NULL,"24.5","3.5"
"203920",2014,"85","107","8.5","9",NULL,"30.5","3.26"
"203921",2014,"82.75","101.5","9","8.5",NULL,"34","3.18"
"203922",2014,"82","100.5","9.5","9",NULL,"36.5","3.15"
"203923",2014,"84","104","9.5","9",NULL,"28",NULL
"203924",2014,"86.75","107","9.25","9.25",NULL,NULL,NULL
"203925",2014,"78","100","9.75","8.5",NULL,"28.5","3.31"
"203926",2014,"81.25","103","9.75","8.75",NULL,"28.5","3.29"
"203928",2014,"84.5","105","9.75","8.75",NULL,"33","3.36"
"203930",2014,"79","99","9","9",NULL,NULL,NULL
"203932",2014,"83.75","105","10.5","8.75",NULL,"32.5","3.27"
"203933",2014,"82.25","104","9","8.75",NULL,"27","3.26"
"203934",2014,"83","101","9.25","9",NULL,"27.5","3.45"
"203935",2014,"81.25","99","8.75","9",NULL,"33","3.26"
"203937",2014,"86.75","107.5","8.75","8.25",NULL,NULL,NULL
"203939",2014,"84.5","105","9.25","9",NULL,"28.5","3.2"
"203940",2014,"88","109","9.5","9.25",NULL,NULL,NULL
"203943",2014,"88.25","108","11.75","9.75",NULL,"31","3.28"
"203944",2014,"84","105.5","8.25","8.75",NULL,"29","3.27"
"203945",2014,"87.5","109.5","10.5","9.25",NULL,"28.5","3.48"
"203946",2014,"84.75","107","9","8.75",NULL,"31","3.37"
"203948",2014,"86.25","105","9.5","9.25",NULL,"31","3.45"
"203949",2014,"86.25","106.5","9","9.25",NULL,"29.5","3.28"
"203950",2014,"85.25","103.5","10.5","9.75",NULL,"31","3.26"
"203957",2014,"81.5","103","9.5","8.5",NULL,"31.5","3.19"
"204456",2015,"74","96.5","7","7.5","7","26","3.3"
"1626145",2015,"77","97","8.75","8.25","2","26.5","3.32"
"1626146",2015,"87.5","109.5","10.25","9.5",NULL,NULL,NULL
"1626147",2015,"83.75","101","9.5","8.5","12","38","3.22"
"1626148",2015,"83","104.5","9","8.5","4","27.5","3.18"
"1626149",2015,"88.25","109","9.75","9",NULL,NULL,NULL
"1626150",2015,"81","100","9.25","8.25",NULL,"26.5","3.34"
"1626151",2015,"80.25","100.5","10","8.75","1","28.5","3.27"
"1626153",2015,"79.5","101.5","8.5","8","4","29.5","3.29"
"1626154",2015,"82.5","104","8.25","8.5","1","27.5","3.26"
"1626155",2015,"83.5","106","9.25","8.5","5","25.5","3.28"
"1626156",2015,"81.75","102","9.75","8.75",NULL,NULL,NULL
"1626158",2015,"85.5","108","8.5","8.5","15","32.5","3.32"
"1626159",2015,"82.25","104.5","9.25","8.5",NULL,NULL,NULL
"1626161",2015,"87","111","9","9.5",NULL,NULL,NULL
"1626162",2015,"86.25","102.5","8.75","9","7","34.5","3.32"
"1626163",2015,"83","109.5","9.5","8.5",NULL,NULL,NULL
"1626164",2015,"80.25","102.5","9","8.75","8","27.5","3.28"
"1626166",2015,"79.25","97.5","8.25","8.5","0","29.75","3.28"
"1626167",2015,"88","112","9.25","9.25",NULL,NULL,NULL
"1626168",2015,"85.5","108","10.25","9.25",NULL,NULL,NULL
"1626169",2015,"83.5","102","9","9",NULL,NULL,NULL
"1626170",2015,"79.5","100","8.5","8.25",NULL,NULL,NULL
"1626171",2015,"86","108.5","9.25","9.5","5","25","3.56"
"1626172",2015,"87.5","110","9.25","9.5",NULL,NULL,NULL
"1626173",2015,"79","101","8.5","8","5","28","3.21"
"1626174",2015,"87.25","111.5","10.75","9.25",NULL,NULL,NULL
"1626175",2015,"87.25","106","9.5","8.75","9","33","3.28"
"1626176",2015,"89.25","110.5","9","9.25","9","29","3.47"
"1626177",2015,"86","112","10.5","9.25","4","22.5","3.62"
"1626178",2015,"86","104","9.75","8.75","13","32","3.12"
"1626179",2015,"80.25","98.5","8.5","8.25","7","33","3.15"
"1626181",2015,"82.75","102.5","9","9.25","5","32.5","3.2"
"1626183",2015,"83","105","8.75","9","12","28.5","3.2"
"1626184",2015,"79","96.5","9.5","8.5","6","33.5","3.2"
"1626185",2015,"81","106.5","9.5","8.25","19","28.5","3.27"
"1626187",2015,"80","101.5","9.25","8.25","10","27","3.32"
"1626188",2015,"76","96.5","8.75","7.5","14","24.5","3.38"
"1626191",2015,"87.25","109","8.75","8.75",NULL,NULL,NULL
"1626192",2015,"80","96","9.25","8.5","13","37.5","3.2"
"1626203",2015,"82.5","103","8.25","8.5","11","28.5","3.3"
"1626205",2015,"83","104.5","8.75","9","13","33.5","3.26"
"1626208",2015,"74","93","9.5","8.5","8","34","3.13"
"1626210",2015,"85.75","106.5","9.5","8.5","8","25.5","3.5"
"1628365",2017,NULL,NULL,NULL,NULL,NULL,NULL,NULL
"1628368",2017,"78.5","100","8.5","8.5",NULL,NULL,NULL
"1628378",2017,"82","97","9.5","8.5","10","36.5","3.01"
"1628379",2017,"77.25","98.5","8.75","8",NULL,NULL,NULL
"1628380",2017,"85","111","9.25","8.75",NULL,NULL,NULL
"1628381",2017,"83.25","106.5","10","9","15","33","3.27"
"1628382",2017,"83","104.5","9.25","8.75",NULL,"29.5","3.3"
"1628383",2017,"87","111.5","9.75","8.75",NULL,"26","3.46"
"1628384",2017,"86.25","107.5","9.5","9.25",NULL,NULL,NULL
"1628385",2017,"87.25","109.5","10.75","9.5","5","27","3.34"
"1628386",2017,"89.25","109.5","10.5","9.5","4","31.5","3.21"
"1628387",2017,"90.25","110.5","10","9.5","11","29.5","3.44"
"1628388",2017,"83","107","9.5","8.5","6","29","3.27"
"1628389",2017,"86.75","108","8.75","9.5","12","33.5","3.24"
"1628390",2017,"80.75","103","10","8.5",NULL,"28.5","3.32"
"1628391",2017,"87","109.5","10.25","9.25",NULL,NULL,NULL
"1628393",2017,"77.5","95","7.75","8","1","27.5","3.21"
"1628395",2017,"83.75","104.5","9.5","9.25","16","31.5","3.21"
"1628396",2017,"89","112.5","9.5","9.5","5","24.5","3.44"
"1628397",2017,"85.5","109","9","8.75","3","28.5","3.35"
"1628398",2017,"84.25","107.5","9.5","8.5","12","27","3.25"
"1628399",2017,"84","107.5","8.75","8.75","1","29.5","3.46"
"1628400",2017,"81.75","102","9.5","8.75","19","35","3.16"
"1628401",2017,"79.5","101.5","8.5","8.25","10","31","3.08"
"1628402",2017,"79.5","98","9","8.25","9","34.5","3.14"
"1628403",2017,"87","108","10.25","9.5",NULL,NULL,NULL
"1628404",2017,"80.25","101","9.5","8.5","9","27.5","3.18"
"1628405",2017,"88","108","9.5","9",NULL,NULL,NULL
"1628407",2017,"82","103.5","10","8.75","8","30","3.22"
"1628408",2017,"83","101","9.5","8.5","9","34","3.15"
"1628409",2017,"82.75","105","10","8.75",NULL,NULL,NULL
"1628410",2017,"81","102.5","9","8.25",NULL,NULL,NULL
"1628411",2017,"85","105.5","9.5","8.75","5","31.5","3.36"
"1628412",2017,"75.25","94","9.25","8","15","34","3.18"
"1628414",2017,"82","103","8.75","8.75","15","27","3.36"
"1628415",2017,"78","100.5","9.25","8.25","16","31","3.21"
"1628416",2017,"77.25","99.5","9.25","8.5","8","30.5","3.16"
"1628417",2017,"82","104.5","10.25","8.75","16","31","3.17"
"1628418",2017,"90","112.5","10.25","9.5","7","25.5","3.37"
"1628419",2017,"85.25","106.5","10.25","9.5","5","28","3.16"
"1628420",2017,"76","96.5","8.75","8.25","8","28","3.19"
"1628421",2017,"84.75","106","10.25","9.25","10","35.5","3.23"
"1628422",2017,"81","100","9.25","8.5","13","31.5","3.13"
"1628424",2017,"78","99","9.5","8.5","3","30.5","3.18"
"1628430",2017,"79.25","99","9.25","8.75","10","27.5","3.19"
"1628432",2017,"84","102","9.5","9.25","12","28.5","3.34"
"1628439",2017,"84.5","105","9.75","8.75","11","31.5","3.36"
"1628443",2017,"81.25","99.5","8.75","8.5","7","33","3.15"
"1628449",2017,"88","110.5","10.5","9.25",NULL,NULL,NULL
"1628476",2017,"74.5","95","8.5","8","9","26","3.29"
"1628502",2017,"87.25","104.5","10","8.75","16","29","3.27"
"1628503",2017,"82","105","9.75","9.25","5","23.5","3.44"
"1628515",2017,"81","99.5","9.25","9","11","28","3.38"
"1628959",2017,"80.75","99","10","8.75","7","31.5","3.3"
"1628959",2018,"80.75","99","10","8.5","10","32.5","3.15"
"1628960",2018,"79.25","97","10","8.25",NULL,"32.5","3.15"
"1628961",2018,"86.25","110","9.5","9.25","0","29.5","3.21"
"1628962",2018,"91","112.5","10","9.5","11","31","3.12"
"1628962",2020,"91.25","109","10","9.25",NULL,"37","3.23"
"1628964",2018,"94","115.5","10.25","9.75",NULL,NULL,NULL
"1628966",2018,"87.25","106.5","8.5","9","11","30.5","3.17"
"1628968",2018,"82.25","103.5","10","9","0","30.5","3.28"
"1628968",2019,"82","103","9.75","8.5","1","32","3.26"
"1628970",2018,"81.5","103.5","9.75","9",NULL,NULL,NULL
"1628971",2018,"81","98.5","8.5","8.5","17","32.5","3.2"
"1628972",2018,"82.25","105","9.75","9","5","26","3.33"
"1628973",2018,"76","96","9.25","8.25","7","29","3.15"
"1628975",2018,"76.25","95","8.5","9.25","14","29","3.18"
"1628976",2018,"88.5","109","9","8.5",NULL,NULL,NULL
"1628977",2017,"83.25","101.5","9.5","8.5","0","34.5","3.11"
"1628977",2018,"83.5","103","9","8.75","1","32.5","3.1"
"1628978",2018,"78","97.5","9","8.25","12","34.5","3.11"
"1628979",2018,"80.25","97.5","10","8.75","6","34","3.18"
"1628980",2018,"81.25","102.5","9.25","9","8","28","3.2"
"1628981",2018,"88.25","109","10","9.5","11","29","3.23"
"1628981",2019,"87.25","110","10","9.25","13","29.5","3.21"
"1628982",2018,"85.75","105","9.5","9.5","0","31","3.08"
"1628983",2018,"83.5","104","9","9",NULL,NULL,NULL
"1628984",2018,"78.25","96","9.5","8.5","14","31","3.21"
"1628985",2018,"79.75","102","10","8.5","6","25","3.27"
"1628987",2018,"87.5","107","10.25","9.25","4","27.5","3.36"
"1628988",2018,"79.5","97","8.5","8.75",NULL,"25.5","3.27"
"1628989",2018,"79.5","101.5","8.5","8.25","9","31","3.09"
"1628991",2018,"89.25","110","10","10",NULL,NULL,NULL
"1628993",2018,"80.75","103","9.75","8.5","8","25","3.38"
"1628994",2018,"83.5","101.5","10.25","9","15","31","3.29"
"1628995",2018,"83.75","108","9.25","8.75",NULL,NULL,NULL
"1628997",2018,"82","101.5","8.75","8.5","6","29","3.26"
"1628998",2018,"82.25","102.5","9","8.5","4","29","3.09"
"1628998",2019,"82.25","102.5","9","8.25","7","28","3.32"
"1628999",2018,"84.5","107.5","10","9.25","18","27","3.17"
"1629001",2018,"80.5","99.5","9.5","8.5","1","31","3.23"
"1629002",2018,"84.5","108","9.25","9","5","29.5","3.33"
"1629003",2018,"84.75","99.5","9.5","8.75","2","30","3.25"
"1629004",2017,"77","100","9.25","8","8","27","3.53"
"1629004",2018,"76.75","100","9.5","8.25","4","30.5","3.15"
"1629005",2018,"77.5","98.5","9.5","8.5",NULL,"27.5","3.13"
"1629006",2018,"84","102","9.75","9","12","33","3.04"
"1629007",2018,"84.25","109","9.5","8.75","9","25.5","3.4"
"1629007",2019,"84","109.5","9.5","8.75",NULL,NULL,NULL
"1629008",2018,"84.25","108.5","9.25","8.75",NULL,NULL,NULL
"1629010",2018,"79.25","98","10","9",NULL,NULL,NULL
"1629012",2018,"79.25","98.5","8.5","8.25",NULL,NULL,NULL
"1629013",2018,"78.75","100","9","8","8","31","3.11"
"1629014",2018,"81.25","99.5","9","8.75","1","32","3.1"
"1629015",2018,"81.75","100","8.25","8.75","10","33","3.05"
"1629016",2018,"86","107.5","9","9","8","28.5","3.38"
"1629017",2018,"82.5","101","9.25","8.75","14","30","3.18"
"1629018",2018,"80.75","98","9.5","8.5","12","33.5","3.12"
"1629019",2018,"78.75","98","10.5","8.25","11","32","3.14"
"1629021",2017,"84","108","10.75","8.75",NULL,"25.5","3.35"
"1629021",2018,"84","108","10.75","9","8","27","3.18"
"1629022",2018,"82.25","99.5","9.5","9","12","31.5","3.06"
"1629023",2018,"86.5","107","10.25","9","3","27","3.2"
"1629023",2019,"86.5","106.5","10.25","9",NULL,NULL,NULL
"1629026",2018,"79.25","103.5","9.75","8.5","14","28","3.19"
"1629027",2018,"75","95.5","9.25","8",NULL,NULL,NULL
"1629033",2018,"82.75","103.5","9","9","7","27","3.22"
"1629034",2018,"88.75","109","9","9.25","12","26","3.34"
"1629035",2018,"78.25","94.5","9.25","8.5","12","28.5","3.2"
"1629044",2019,"75.5","96.5","8","7.75","0","29","3.2"
"1629052",2019,"84","104","9.5","9","11","34","3.48"
"1629056",2019,"80.75","101","10.75","9.25","13","29.5","3.28"
"1629065",2019,"79","98","9","8.25","4","27.5","3.26"
"1629076",2019,"84.5","106.5","10.75","9.5","11","27.5","3.28"
"1629118",2017,"84","109.5","10.5","9","11",NULL,NULL
"1629603",2020,"87.75","107","10.25","9",NULL,"28","3.16"
"1629604",2020,"79.25","100.5","10","8.75",NULL,"30.5","3.25"
"1629605",2019,"98.25","122.5","10.5","10.5","8","22","3.78"
"1629607",2019,"77.5","94","9.5","8.25","8","33.5","3.04"
"1629608",2019,"85.75","107","10.25","9.5","13","30.5","3.28"
"1629610",2019,"83.25","104","10.25","9.5",NULL,NULL,NULL
"1629611",2019,"79.75","101","9.25","9.5","6","32.5","3.3"
"1629614",2022,"77.75","99","9.5","8",NULL,"26.5","3.26"
"1629617",2019,"84.5","106","10","9","15","28.5","3.3"
"1629617",2020,"84.25","106.5","11","9.25",NULL,"30","3.25"
"1629619",2020,"79","99","9","8",NULL,NULL,NULL
"1629621",2019,"84.25","103.5","9.25","8.75","9","29.5","3.37"
"1629626",2019,"91","115.5","9.5","9.25",NULL,NULL,NULL
"1629627",2019,NULL,NULL,NULL,NULL,NULL,NULL,NULL
"1629628",2019,NULL,NULL,NULL,NULL,NULL,NULL,NULL
"1629629",2019,"84.5","105.5","9","9",NULL,NULL,NULL
"1629630",2019,NULL,NULL,NULL,NULL,NULL,NULL,NULL
"1629631",2019,NULL,NULL,NULL,NULL,NULL,NULL,NULL
"1629632",2019,"77","97.5","9","7.75",NULL,NULL,NULL
"1629633",2019,"81.5","100.5","8.5","8.25",NULL,NULL,NULL
"1629634",2019,"80.25","102","9.5","8.25","10","34","3.15"
"1629636",2019,NULL,NULL,NULL,NULL,NULL,NULL,NULL
"1629637",2019,"87.5","110.5","10.5","9.25","5","27","3.37"
"1629638",2019,"81.5","102","8.75","8.5",NULL,NULL,NULL
"1629639",2019,"75.25","100.5","8.75","8",NULL,NULL,NULL
"1629640",2019,"81.25","104","9.25","8",NULL,NULL,NULL
"1629641",2019,"83","103","9","9",NULL,NULL,NULL
"1629642",2019,"85.25","104.5","10","8.75","5","31","3.24"
"1629643",2019,NULL,NULL,NULL,NULL,NULL,NULL,NULL
"1629644",2019,"85.75","106.5","9.25","9.25","9","30.5","3.38"
"1629645",2019,"81","103","8.75","8.75","2","27","3.14"
"1629646",2019,"87.5","109.5","9.5","9.25","7","29","3.53"
"1629647",2019,"84","107","9.75","9","4","30.5","3.27"
"1629648",2019,"75.25","95","9.25","7.5","7","36","3.08"
"1629649",2019,"81.25","102","9.5","8.75","13","31","3.36"
"1629650",2019,"88.75","113","10.25","9.5",NULL,"27","3.51"
"1629651",2019,"86.5","110","9.5","9.25","8","31.5","3.36"
"1629652",2019,"80.5","99.5","9","8.5","14","32.5","3.22"
"1629653",2019,"75.25","95.5","9.5","8.25","7","30","3.04"
"1629653",2020,"75","95","10","8.25",NULL,"31.5","3.02"
"1629655",2019,"86.5","110","9.25","9.25","5","32.5","3.25"
"1629656",2019,"79.75","100.5","10","8.25","6","27.5","3.2"
"1629657",2019,"76.5","95.5","8.75","8","4","30.5","3.27"
"1629658",2019,"84.75","105.5","9.75","8.75","8","27.5","3.34"
"1629659",2019,"85.25","103","9.75","9.5","10","26","3.34"
"1629660",2019,"76","98","9.5","8.25","2","26","3.4"
"1629661",2019,"82","103","8.5","8",NULL,"30.5","3.26"
"1629662",2019,"87","109.5","10.75","9.25","6","28","3.25"
"1629663",2019,"84.25","104.5","8.5","8","0","29","3.28"
"1629665",2019,"80.5","98.5","8.5","8.75","1","35","3.29"
"1629667",2019,"84.25","105.5","10","9","0","29.5","3.32"
"1629668",2019,"78","101","9.5","8.5",NULL,"24","3.43"
"1629669",2019,"79.25","98","8.5","8.25","2","32","3.23"
"1629670",2019,"82.5","103","9.25","8.5",NULL,NULL,NULL
"1629670",2020,"82.25","104","9.25","8.5",NULL,"29","3.43"
"1629671",2019,"82.75","100.5","10","9","19","30.5","3.17"
"1629672",2019,"87.75","103.5","9.5","9","18","33","3.3"
"1629673",2019,"78.75","99.5","8.5","8.25",NULL,"28","3.27"
"1629674",2019,"88.25","111.5","11","9.5","1","24","3.73"
"1629675",2019,"87.25","109","9.25","9.5","3","26","3.42"
"1629676",2019,"85","106","10.5","9","9","32.5","3.25"
"1629677",2019,"82.5","107","9","8.5","7","27","3.27"
"1629678",2019,"81.75","102.5","9","8.75","15","30","3.37"
"1629681",2019,NULL,NULL,NULL,NULL,NULL,NULL,NULL
"1629681",2020,"80","106","9.25","8.25",NULL,"27.5","3.4"
"1629682",2019,"74.25","93.5","9.75","8","5","30.5","3.07"
"1629683",2019,"81","100","9","8.5",NULL,"31","3.16"
"1629684",2019,"81.75","104.5","10.5","9","20","26","3.33"
"1629685",2019,"82","104.5","9.5","8.25","8","29","3.3"
"1630173",2020,"84.75","108.5","10","9",NULL,NULL,NULL
"1630177",2020,"80.75","100.5","10","8.5",NULL,NULL,NULL
"1630179",2020,"73.75","96","8.25","7.5",NULL,"30","3.28"
"1630182",2020,"81.75","101.5","8.75","8",NULL,"30.5","3.12"
"1630186",2020,"78","100.5","9.75","8.75",NULL,NULL,NULL
"1630188",2020,"86.25","110","9.25","9.25",NULL,NULL,NULL
"1630189",2020,"85.25","105.5","9","8.5",NULL,"37","3.17"
"1630190",2020,"79.5","101.5","8.75","8.5",NULL,NULL,NULL
"1630191",2020,"88.75","108.5","10.5","9",NULL,NULL,NULL
"1630192",2020,"86","105.5","10.5","9",NULL,"33","3.2"
"1630193",2020,"80.25","99","8.75","8",NULL,"29.5","3.17"
"1630194",2020,"86","109.5","8.75","9",NULL,"26.5","3.45"
"1630198",2020,"79.5","101","8.25","8.25",NULL,NULL,NULL
"1630199",2020,"79","99.5","9","8.25",NULL,"34.5","3.09"
"1630203",2020,"77.25","96.5","8.5","8",NULL,"32.5","3.07"
"1630204",2020,"80","99.5","9","9",NULL,"29.5","3.13"
"1630205",2020,"81","101","9.75","8.5",NULL,"35","3.2"
"1630206",2020,"81.5","104.5","9.75","8.25",NULL,NULL,NULL
"1630208",2020,"86.25","110","9","9",NULL,"30","3.25"
"1630210",2020,"72.25","91.5","7.75","8.5",NULL,"30.5","3.11"
"1630211",2020,"83","102","9.75","8.5",NULL,"31","3.04"
"1630214",2020,"86","106","11","10.25",NULL,"26","3.49"
"1630216",2020,"78","97","8.25","8.75",NULL,"24","3.61"
"1630218",2020,"86","105.5","10.75","9",NULL,"32","3.18"
"1630219",2020,"78","99","9.75","8",NULL,"29","3.3"
"1630221",2020,"83","104.5","9.5","8.75",NULL,"31.5","3.38"
"1630222",2020,"79","102.5","8.5","8.75",NULL,"24","3.33"
"1630223",2020,"79","97.5","9.5","8.25",NULL,"37.5","3.11"
"1630230",2020,"84.75","102.5","10.5","9.25",NULL,"28.5","3.37"
"1630231",2020,"79.25","102","8.75","8.5",NULL,"31.5","3.16"
"1630233",2020,"86","109.5","9.5","9",NULL,"23","3.31"
"1630234",2020,"80","100","8.75","8.75",NULL,"28","3.26"
"1630235",2020,"79.5","102.5","9.75","9",NULL,"28","3.18"
"1630534",2022,"82.25","104","9.5","8.75",NULL,"32","3.13"
"1630548",2022,"83","102.5","9.5","8.5",NULL,"27.5","3.29"
"1630577",2022,"82","107","9.25","8.75",NULL,"28.5","3.14"
"1630590",2022,"77.75","95.5","9","7.75",NULL,"30.5","3.21"
"1630620",2022,NULL,NULL,NULL,NULL,NULL,NULL,NULL
"1630699",2022,"84.75","106","9","9",NULL,NULL,NULL
"1630700",2022,"82.5","105","9.75","8.5",NULL,"29","3.22"
"1630701",2022,"84.25","109.5","10","8.75",NULL,"28","3.22"
"1630702",2022,NULL,NULL,NULL,NULL,NULL,NULL,NULL
"1631093",2022,NULL,NULL,NULL,NULL,NULL,NULL,NULL
"1631094",2022,NULL,NULL,NULL,NULL,NULL,NULL,NULL
"1631095",2022,NULL,NULL,NULL,NULL,NULL,NULL,NULL
"1631096",2022,NULL,NULL,NULL,NULL,NULL,NULL,NULL
"1631097",2022,"81","104","9.75","8.5",NULL,NULL,NULL
"1631098",2022,"80.5","103.5","10.25","8.5",NULL,NULL,NULL
"1631099",2022,NULL,NULL,NULL,NULL,NULL,NULL,NULL
"1631100",2022,NULL,NULL,NULL,NULL,NULL,NULL,NULL
"1631101",2022,"83.5","103.5","9.25","9",NULL,NULL,NULL
"1631102",2022,"80","99.5","9.25","8.5",NULL,NULL,NULL
"1631103",2022,"82","102.5","9.75","8.5",NULL,"29","3.17"
"1631104",2022,"81.25","103","9","8.25",NULL,"30","3.21"
"1631105",2022,NULL,NULL,NULL,NULL,NULL,NULL,NULL
"1631106",2022,"86","107.5","11","9.25",NULL,NULL,NULL
"1631107",2022,"84.25","108.5","9.75","8.75",NULL,NULL,NULL
"1631108",2022,"80.75","102.5","8.5","8",NULL,"32","3.07"
"1631109",2022,"90.5","117","9.75","9",NULL,NULL,NULL
"1631110",2022,NULL,NULL,NULL,NULL,NULL,NULL,NULL
"1631111",2022,"84.5","101","10.25","8.75",NULL,"32.5","3.3"
"1631112",2022,"83","103","9","9",NULL,"31.5","3.29"
"1631113",2022,"77.25","97","9.5","8.5",NULL,"31",NULL
"1631114",2022,"86.25","105.5","9.5","8.5",NULL,"33.5","3.11"
"1631115",2022,"88","111","10","8.75",NULL,"23","3.55"
"1631116",2022,"85.75","110.5","9.5","8.75",NULL,"23.5","3.45"
"1631117",2022,"88.25","113","8.5","8.5",NULL,NULL,NULL
"1631119",2022,"85","108.5","10.5","8.5",NULL,"24.5","3.5"
"1631120",2022,"78.5","99.5","9.5","8.5",NULL,"30","3.26"
"1631121",2022,"80.75","103.5","9.5","8.75",NULL,"29.5","3.27"
"1631128",2022,"78.5","99.5","8.5","8",NULL,"33.5","3.16"
"1631132",2022,"89.25","113","10.75","9",NULL,"28","3.27"
"1631133",2022,"82.75","105","9.75","8.75",NULL,"29.5","3.24"
"1631157",2022,"81.75","100.5","8.5","8",NULL,"30.5","3.07"
"1631165",2022,"80.5","102","9.25","8",NULL,"28","3.18"
"1631171",2022,"86.5","105.5","10.5","9",NULL,"32.5","3.23"
"1631172",2022,NULL,NULL,NULL,NULL,NULL,NULL,NULL
"1631197",2022,NULL,NULL,NULL,NULL,NULL,NULL,NULL
"1631199",2022,"85.25","105.5","10","9.5",NULL,"26","3.4"
"1631207",2022,"84.75","106","9","8.5",NULL,NULL,NULL
"1631211",2022,"79.25","101","9","8.25",NULL,"24.5","3.27"
"1631212",2022,"84.5","107.5","9.5","8.5",NULL,"28","3.28"
"1631213",2022,NULL,NULL,NULL,NULL,NULL,NULL,NULL
"1631214",2022,"79","102","9.25","8.5",NULL,"30","3.15"
"1631217",2022,"86.5","109.5","10.5","8.5",NULL,"29","3.26"
"1631220",2022,"80.75","103.5","9.5","8.5",NULL,"30.5","3.12"
"1631221",2022,"76","98","9","8.25",NULL,"26.5","3.21"
"1631222",2022,"81.5","104","10.25","8.5",NULL,"27.5","3.37"
"1631223",2022,"83.5","105","10","8.75",NULL,"27","3.22"
"1631230",2022,"87","108.5","10.5","9",NULL,"28.5","3.33"
"1631254",2022,NULL,NULL,NULL,NULL,NULL,NULL,NULL
